IssledovanieID;Issledovanie;IssledovanieGroupID;Biopsia;Tsitologia;Gistologia;Lecheb;Sanats;Intybastia;PHMetr;Smiv;Visible;ReportOrder
12;РЕТРОГРАДНАЯ ПАНКРЕАТОХОЛАНГИОГРАФИЯ;1;0;0;0;0;0;0;0;0;1;12
6;ДУОДЕНОСКОПИЯ;1;1;1;1;1;0;0;0;0;1;6
7;СИГМОСКОПИЯ;1;1;1;1;1;0;0;0;0;1;7
8;РЕКТОРОМАНОСКОПИЯ;1;1;1;1;1;0;0;0;0;1;3
9;ЛАПАРОСКОПИЯ;1;1;1;1;1;0;0;0;0;1;2
10;ЭНДОСКОПИЧЕСКАЯ ПАПИЛЛОСФИНКТЕРОТОМИЯ;2;0;0;0;0;0;0;0;0;1;9
11;ЭНДОСКОПИЧЕСКОЕ КЛИПИРОВАНИЕ;2;0;0;0;0;0;0;0;0;1;8
1;ЭЗОФАГОГАСТРОДУОДЕНОСКОПИЯ;1;1;1;1;1;0;0;0;0;1;1
2;КОЛОНОСКОПИЯ;1;1;1;1;1;0;0;0;0;1;4
3;ФИБРОБРОНХОСКОПИЯ;1;1;1;1;1;1;1;0;1;1;5
4;ПОЛИПЭКТОМИЯ ЧЕРЕЗ ГАСТРОСКОП;2;1;1;1;0;0;0;0;0;1;10
5;ПОЛИПЭКТОМИЯ ЧЕРЕЗ КОЛОНОСКОП;2;1;1;1;0;0;0;0;0;1;11
