NapravlenieID;NapravlenieTypeID;ProtocolID;ResultNomer;InDate;InTime;ResultDate;ResultText;ZakluchenieText;BiopsiaDiadnostich;BiopsiaSrochnaya;OperatsMaterial;Kusochki1;Kusochki2;Methodika;Kod;FIOPatolAnatom;FIOLaborant;OrganizatsiaID;IssledovanieID
4;1;96;9437-40;16.09.2004 0:00;1899-12-30 00:00:00;21.09.2004 0:00;В присланном материале мельчайшие обрывки деформированного цилиндрического эпителия, фрагменты волокнистой ткани с эритроцитами и лейкоцитами;нет;да;нет;Кусочки слизистой желудка;4;4;?;?;Чернов;Корт;1;1
5;1;106;9218-20;08.09.2004 0:00;1899-12-30 00:00:00;10.09.2004 0:00;нет;Хронический активный гастрит;да;нет;Кусочки слизистой из края язвы желудка;3;3;?;В-4;Порхачёв;Корт;1;1
6;1;119;10032-33;01.10.2004 0:00;1899-12-30 00:00:00;04.10.2004 0:00;В материале кусочки слизистой с неровнамерно уплотненной стромой, очагово-диффузной лимфоцитарной инфильтрацией. Железы с базальными ядрами, местами по кишечному типу.;Хронический гастрит умеренной активности с энтеролизацией;да;нет;2 маленьких белесоватых кусочка;2;2;?;?;Порхачёв;Сухова;1;1
7;1;164;10388-91;09.10.2004 0:00;1899-12-30 00:00:00;13.10.2004 0:00;В материале обрывки некротического детрита, слизистой с железистыми отдельными скоплениями, цепочками клеток с гиперхромными атипичными ядрами;Умереннодифференцированная аденокарцинома желудка;да;нет;4 мелких кусочка;4;4;?;П-5;Порхачёв;Корт;1;1
1;0;193; ;19.07.2003 0:00;1899-12-30 00:00:00;19.08.2004 0:00; ; ; ; ; ;0;0; ; ; ; ;1;1
8;1;204;8730-33;24.08.2004 0:00;1899-12-30 00:00:00;26.08.2004 0:00;Нет;Недифференцированный рак желудка;да;нет;Кусочки из опухоли желудка;4;4;?;П-4;Порхачёв;Сухова;1;1
9;1;234;8734-36;24.08.2004 0:00;1899-12-30 00:00:00;22.08.2004 0:00;Кусочки слизистой с очаговой диффузной лимфоцитарной и лейкоцитарной инфильтрацией стромы, желез. Эпителий желез цилендрический с базальными ядрами, местами железы по кишечному типу.;Хронический активный гастрит с энтеролизацией;да;нет;Кусочки из края язвы желудка;3;3;?;В-3;Порхачёв;Сухова;1;1
10;1;313;10338-39;06.10.2004 0:00;1899-12-30 00:00:00;08.10.2004 0:00;В материале кусочки со складки слизистой с умеренной лимфогистиоцитарной инфильтрацией межуточной ткани неравномерной плотности. Эпителий желез с базальными ядрами.;Хронический дуоденит;да;нет;Кусочки слизистой 12-п.к.;2;2;?;?;Чернов;?;1;1
11;1;331;10514-19;13.10.2004 0:00;1899-12-30 00:00:00;18.10.2004 0:00;В материале обрывки слизистой обычного строения с железами различной величины, трубчатыми базальными ядрами;Железистый полип сигмовидной кишки;да;нет;6 мелких кусочков;6;6;?;В-5;Порхачёв;?;1;2
12;1;347;10336-37;08.10.2004 0:00;1899-12-30 00:00:00;14.10.2004 0:00;В материале фибрин, кусочки слизистой обычного строения с умеренной лимфогистиоцитарной инфильтрацией. Эпителий желез с базальными ядрами;нет;да;нет;кусочки слизистой толстой кишки;2;2;?;В-3;?;?;1;2
13;1;351;8962-65;31.08.2004 0:00;1899-12-30 00:00:00;02.09.2004 0:00;Кусочки слизистой с неравномерной инфильтрацией лимфоцитами, гистиоцитами, лейкоцитами. Эпителий желез с базальными ядрами. Строма неравномерной плотности.;Хронический гастрит умеренной активности;да;нет;Кусочки из полипа желудка;4;4;?;В-3;Порхачёв;Корт;1;1
14;1;358;8959-61;30.08.2004 0:00;1899-12-30 00:00:00;02.09.2004 0:00;Материал скудный, очень мелкие обрывки слизистой и слизистого эпителия с мелкими скоплениями клеток, не исключающие опухолевые;Подозрение на опухоль трахеи;да;нет;Кусочки слизистой бронха;5;5;?;?;Порхачёв;Корт;1;3
15;1;450;10520-23;13.10.2004 0:00;1899-12-30 00:00:00;15.10.2004 0:00;В материале кусочки слизистой. Строма неравномерной плотности с лимфогистиоцитарной, лейкоцитарной инфильтрацией. Эпителий желез с базальными ядрами;"Хронический гастрит умеренной активности. НВ""-""";да;нет;кусочки из края язвы желудка;4;4;?;В-3;?;?;1;1
16;1;454;10511-13;13.10.2004 0:00;1899-12-30 00:00:00;15.10.2004 0:00;В материале обрывки слизистой с неравномерно уплотнённой стромой с лимфогистиоцитарной, лейкоцитарной инфильтрацией. Отдельные железы по кишечному типу. Эпителий с базальными ядрами;Хронический гастрит умеренной активности с очаговой энтеролизацией;да;нет;3 мелких кусочка;3;3;?;В-4;Чернов;Корт;1;1
2;0;468; ;20.10.2003 0:00;1899-12-30 00:00:00;20.10.2004 0:00; ; ; ; ; ;0;0; ; ; ; ;1;1
17;1;510; ;12.12.2004 0:00;1899-12-30 00:00:00;12.12.2004 0:00; ; ; ; ; ;0;0; ; ; ; ;1;3
18;1;526;10859-60;20.10.2004 0:00;1899-12-30 00:00:00;26.10.2004 0:00;нет;Недифференцированный рак желудка;да;нет;кусочки из опухоли желудка;4;4;?;П-3;?;?;1;1
19;1;541;12561-62;03.12.2004 0:00;1899-12-30 00:00:00;06.12.2004 0:00;Кусочки с железами различной величины, формы, с базально тесно лежащими ядрами, местами с некоторым полиморфизмом, различной интенсивности окраски. В строме лимфоидная инфильтрация.;Аденоматоный полип прямой кишки с очаговой дисплазией I-II;да;нет;2 кусочка из полипа прямой кишки;2;2;?;В-4;?;?;1;8
20;1;596;11242-45;29.10.2004 0:00;1899-12-30 00:00:00;01.11.2004 0:00;В материале обрывки слизистой обычного строения с умеренной лимфогистиоцитарной инфильтрацией, железы трубчатые с базальными ядрами;нет;да;нет;Кусочки из полипа сигмовидной кишки и опухолевидного образования поперечной ободочной кишки.;7;7;?;В-4;?;?;1;2
;;;;;;;;;;;;;;;;;;;
;;;;;;;;;;;;;;;;;;;
;;;;;;;;;;;;;;;;;;;
;;;;;;;;;;;;;;;;;;;
;;;;;;;;;;;;;;;;;;;
;;;;;;;;;;;;;;;;;;;
;;;;;;;;;;;;;;;;;;;
;;;;;;;;;;;;;;;;;;;
;;;;;;;;;;;;;;;;;;;
;;;;;;;;;;;;;;;;;;;
;;;;;;;;;;;;;;;;;;;
;;;;;;;;;;;;;;;;;;;
;;;;;;;;;;;;;;;;;;;
;;;;;;;;;;;;;;;;;;;
;;;;;;;;;;;;;;;;;;;
;;;;;;;;;;;;;;;;;;;
;;;;;;;;;;;;;;;;;;;
;;;;;;;;;;;;;;;;;;;
;;;;;;;;;;;;;;;;;;;
;;;;;;;;;;;;;;;;;;;
;;;;;;;;;;;;;;;;;;;
;;;;;;;;;;;;;;;;;;;
;;;;;;;;;;;;;;;;;;;
;;;;;;;;;;;;;;;;;;;
;;;;;;;;;;;;;;;;;;;
;;;;;;;;;;;;;;;;;;;
;;;;;;;;;;;;;;;;;;;
;;;;;;;;;;;;;;;;;;;
;;;;;;;;;;;;;;;;;;;
;;;;;;;;;;;;;;;;;;;
;;;;;;;;;;;;;;;;;;;
;;;;;;;;;;;;;;;;;;;
;;;;;;;;;;;;;;;;;;;
;;;;;;;;;;;;;;;;;;;
;;;;;;;;;;;;;;;;;;;
;;;;;;;;;;;;;;;;;;;
;;;;;;;;;;;;;;;;;;;
;;;;;;;;;;;;;;;;;;;
;;;;;;;;;;;;;;;;;;;
;;;;;;;;;;;;;;;;;;;
;;;;;;;;;;;;;;;;;;;
;;;;;;;;;;;;;;;;;;;
;;;;;;;;;;;;;;;;;;;
;;;;;;;;;;;;;;;;;;;
;;;;;;;;;;;;;;;;;;;
;;;;;;;;;;;;;;;;;;;
;;;;;;;;;;;;;;;;;;;
;;;;;;;;;;;;;;;;;;;
;;;;;;;;;;;;;;;;;;;
;;;;;;;;;;;;;;;;;;;
;;;;;;;;;;;;;;;;;;;
;;;;;;;;;;;;;;;;;;;
;;;;;;;;;;;;;;;;;;;
;;;;;;;;;;;;;;;;;;;
;;;;;;;;;;;;;;;;;;;
;;;;;;;;;;;;;;;;;;;
;;;;;;;;;;;;;;;;;;;
;;;;;;;;;;;;;;;;;;;
;;;;;;;;;;;;;;;;;;;
;;;;;;;;;;;;;;;;;;;
;;;;;;;;;;;;;;;;;;;
;;;;;;;;;;;;;;;;;;;
;;;;;;;;;;;;;;;;;;;
;;;;;;;;;;;;;;;;;;;
;;;;;;;;;;;;;;;;;;;
;;;;;;;;;;;;;;;;;;;
;;;;;;;;;;;;;;;;;;;
;;;;;;;;;;;;;;;;;;;
;;;;;;;;;;;;;;;;;;;
;;;;;;;;;;;;;;;;;;;
;;;;;;;;;;;;;;;;;;;
;;;;;;;;;;;;;;;;;;;
;;;;;;;;;;;;;;;;;;;
;;;;;;;;;;;;;;;;;;;
;;;;;;;;;;;;;;;;;;;
;;;;;;;;;;;;;;;;;;;
;;;;;;;;;;;;;;;;;;;
;;;;;;;;;;;;;;;;;;;
;;;;;;;;;;;;;;;;;;;
;;;;;;;;;;;;;;;;;;;
;;;;;;;;;;;;;;;;;;;
;;;;;;;;;;;;;;;;;;;
;;;;;;;;;;;;;;;;;;;
;;;;;;;;;;;;;;;;;;;
;;;;;;;;;;;;;;;;;;;
;;;;;;;;;;;;;;;;;;;
;;;;;;;;;;;;;;;;;;;
;;;;;;;;;;;;;;;;;;;
;;;;;;;;;;;;;;;;;;;
;;;;;;;;;;;;;;;;;;;
;;;;;;;;;;;;;;;;;;;
;;;;;;;;;;;;;;;;;;;
;;;;;;;;;;;;;;;;;;;
;;;;;;;;;;;;;;;;;;;
;;;;;;;;;;;;;;;;;;;
;;;;;;;;;;;;;;;;;;;
;;;;;;;;;;;;;;;;;;;
;;;;;;;;;;;;;;;;;;;
;;;;;;;;;;;;;;;;;;;
;;;;;;;;;;;;;;;;;;;
;;;;;;;;;;;;;;;;;;;
;;;;;;;;;;;;;;;;;;;
;;;;;;;;;;;;;;;;;;;
;;;;;;;;;;;;;;;;;;;
;;;;;;;;;;;;;;;;;;;
;;;;;;;;;;;;;;;;;;;
;;;;;;;;;;;;;;;;;;;
;;;;;;;;;;;;;;;;;;;
;;;;;;;;;;;;;;;;;;;
;;;;;;;;;;;;;;;;;;;
;;;;;;;;;;;;;;;;;;;
;;;;;;;;;;;;;;;;;;;
;;;;;;;;;;;;;;;;;;;
;;;;;;;;;;;;;;;;;;;
;;;;;;;;;;;;;;;;;;;
;;;;;;;;;;;;;;;;;;;
;;;;;;;;;;;;;;;;;;;
;;;;;;;;;;;;;;;;;;;
;;;;;;;;;;;;;;;;;;;
;;;;;;;;;;;;;;;;;;;
;;;;;;;;;;;;;;;;;;;
;;;;;;;;;;;;;;;;;;;
;;;;;;;;;;;;;;;;;;;
;;;;;;;;;;;;;;;;;;;
;;;;;;;;;;;;;;;;;;;
;;;;;;;;;;;;;;;;;;;
;;;;;;;;;;;;;;;;;;;
;;;;;;;;;;;;;;;;;;;
;;;;;;;;;;;;;;;;;;;
;;;;;;;;;;;;;;;;;;;
;;;;;;;;;;;;;;;;;;;
;;;;;;;;;;;;;;;;;;;
;;;;;;;;;;;;;;;;;;;
;;;;;;;;;;;;;;;;;;;
;;;;;;;;;;;;;;;;;;;
;;;;;;;;;;;;;;;;;;;
;;;;;;;;;;;;;;;;;;;
;;;;;;;;;;;;;;;;;;;
;;;;;;;;;;;;;;;;;;;
;;;;;;;;;;;;;;;;;;;
;;;;;;;;;;;;;;;;;;;
;;;;;;;;;;;;;;;;;;;
;;;;;;;;;;;;;;;;;;;
;;;;;;;;;;;;;;;;;;;
;;;;;;;;;;;;;;;;;;;
;;;;;;;;;;;;;;;;;;;
;;;;;;;;;;;;;;;;;;;
;;;;;;;;;;;;;;;;;;;
;;;;;;;;;;;;;;;;;;;
;;;;;;;;;;;;;;;;;;;
;;;;;;;;;;;;;;;;;;;
;;;;;;;;;;;;;;;;;;;
;;;;;;;;;;;;;;;;;;;
;;;;;;;;;;;;;;;;;;;
;;;;;;;;;;;;;;;;;;;
;;;;;;;;;;;;;;;;;;;
;;;;;;;;;;;;;;;;;;;
;;;;;;;;;;;;;;;;;;;
;;;;;;;;;;;;;;;;;;;
;;;;;;;;;;;;;;;;;;;
;;;;;;;;;;;;;;;;;;;
;;;;;;;;;;;;;;;;;;;
;;;;;;;;;;;;;;;;;;;
;;;;;;;;;;;;;;;;;;;
;;;;;;;;;;;;;;;;;;;
;;;;;;;;;;;;;;;;;;;
;;;;;;;;;;;;;;;;;;;
;;;;;;;;;;;;;;;;;;;
;;;;;;;;;;;;;;;;;;;
;;;;;;;;;;;;;;;;;;;
;;;;;;;;;;;;;;;;;;;
;;;;;;;;;;;;;;;;;;;
;;;;;;;;;;;;;;;;;;;
;;;;;;;;;;;;;;;;;;;
;;;;;;;;;;;;;;;;;;;
;;;;;;;;;;;;;;;;;;;
;;;;;;;;;;;;;;;;;;;
;;;;;;;;;;;;;;;;;;;
;;;;;;;;;;;;;;;;;;;
;;;;;;;;;;;;;;;;;;;
;;;;;;;;;;;;;;;;;;;
;;;;;;;;;;;;;;;;;;;
;;;;;;;;;;;;;;;;;;;
;;;;;;;;;;;;;;;;;;;
;;;;;;;;;;;;;;;;;;;
;;;;;;;;;;;;;;;;;;;
;;;;;;;;;;;;;;;;;;;
;;;;;;;;;;;;;;;;;;;
;;;;;;;;;;;;;;;;;;;
;;;;;;;;;;;;;;;;;;;
;;;;;;;;;;;;;;;;;;;
;;;;;;;;;;;;;;;;;;;
;;;;;;;;;;;;;;;;;;;
;;;;;;;;;;;;;;;;;;;
;;;;;;;;;;;;;;;;;;;
;;;;;;;;;;;;;;;;;;;
;;;;;;;;;;;;;;;;;;;
;;;;;;;;;;;;;;;;;;;
;;;;;;;;;;;;;;;;;;;
;;;;;;;;;;;;;;;;;;;
;;;;;;;;;;;;;;;;;;;
;;;;;;;;;;;;;;;;;;;
;;;;;;;;;;;;;;;;;;;
;;;;;;;;;;;;;;;;;;;
;;;;;;;;;;;;;;;;;;;
;;;;;;;;;;;;;;;;;;;
;;;;;;;;;;;;;;;;;;;
;;;;;;;;;;;;;;;;;;;
;;;;;;;;;;;;;;;;;;;
;;;;;;;;;;;;;;;;;;;
;;;;;;;;;;;;;;;;;;;
;;;;;;;;;;;;;;;;;;;
;;;;;;;;;;;;;;;;;;;
;;;;;;;;;;;;;;;;;;;
;;;;;;;;;;;;;;;;;;;
;;;;;;;;;;;;;;;;;;;
;;;;;;;;;;;;;;;;;;;
;;;;;;;;;;;;;;;;;;;
;;;;;;;;;;;;;;;;;;;
;;;;;;;;;;;;;;;;;;;
;;;;;;;;;;;;;;;;;;;
;;;;;;;;;;;;;;;;;;;
;;;;;;;;;;;;;;;;;;;
;;;;;;;;;;;;;;;;;;;
;;;;;;;;;;;;;;;;;;;
;;;;;;;;;;;;;;;;;;;
;;;;;;;;;;;;;;;;;;;
;;;;;;;;;;;;;;;;;;;
;;;;;;;;;;;;;;;;;;;
;;;;;;;;;;;;;;;;;;;
;;;;;;;;;;;;;;;;;;;
;;;;;;;;;;;;;;;;;;;
;;;;;;;;;;;;;;;;;;;
;;;;;;;;;;;;;;;;;;;
;;;;;;;;;;;;;;;;;;;
;;;;;;;;;;;;;;;;;;;
;;;;;;;;;;;;;;;;;;;
;;;;;;;;;;;;;;;;;;;
;;;;;;;;;;;;;;;;;;;
;;;;;;;;;;;;;;;;;;;
;;;;;;;;;;;;;;;;;;;
;;;;;;;;;;;;;;;;;;;
;;;;;;;;;;;;;;;;;;;
;;;;;;;;;;;;;;;;;;;
;;;;;;;;;;;;;;;;;;;
;;;;;;;;;;;;;;;;;;;
;;;;;;;;;;;;;;;;;;;
;;;;;;;;;;;;;;;;;;;
;;;;;;;;;;;;;;;;;;;
;;;;;;;;;;;;;;;;;;;
;;;;;;;;;;;;;;;;;;;
;;;;;;;;;;;;;;;;;;;
;;;;;;;;;;;;;;;;;;;
;;;;;;;;;;;;;;;;;;;
;;;;;;;;;;;;;;;;;;;
;;;;;;;;;;;;;;;;;;;
;;;;;;;;;;;;;;;;;;;
;;;;;;;;;;;;;;;;;;;
;;;;;;;;;;;;;;;;;;;
;;;;;;;;;;;;;;;;;;;
;;;;;;;;;;;;;;;;;;;
;;;;;;;;;;;;;;;;;;;
;;;;;;;;;;;;;;;;;;;
;;;;;;;;;;;;;;;;;;;
;;;;;;;;;;;;;;;;;;;
;;;;;;;;;;;;;;;;;;;
;;;;;;;;;;;;;;;;;;;
;;;;;;;;;;;;;;;;;;;
;;;;;;;;;;;;;;;;;;;
;;;;;;;;;;;;;;;;;;;
;;;;;;;;;;;;;;;;;;;
;;;;;;;;;;;;;;;;;;;
;;;;;;;;;;;;;;;;;;;
;;;;;;;;;;;;;;;;;;;
;;;;;;;;;;;;;;;;;;;
;;;;;;;;;;;;;;;;;;;
;;;;;;;;;;;;;;;;;;;
;;;;;;;;;;;;;;;;;;;
;;;;;;;;;;;;;;;;;;;
;;;;;;;;;;;;;;;;;;;
;;;;;;;;;;;;;;;;;;;
;;;;;;;;;;;;;;;;;;;
;;;;;;;;;;;;;;;;;;;
;;;;;;;;;;;;;;;;;;;
;;;;;;;;;;;;;;;;;;;
;;;;;;;;;;;;;;;;;;;
;;;;;;;;;;;;;;;;;;;
;;;;;;;;;;;;;;;;;;;
;;;;;;;;;;;;;;;;;;;
;;;;;;;;;;;;;;;;;;;
;;;;;;;;;;;;;;;;;;;
;;;;;;;;;;;;;;;;;;;
