PatsientID;FIO;Pol;Karta;PatsientGroupID;OrganizatsiaID
27;Алексеева Вера Ивановна;Ж;18097;1;1
28;Алексеенко Людмила Анатольевна;Ж;23803;1;1
29;Аленич Сергей Михайлович;М;нет;1;1
30;Алешенкина Нина Ивановна;Ж;нет;1;1
31;Алешина Лидия Алексеевна;Ж;11926;1;1
32;Алферов Виталий Сергеевич;М;нет;1;1
34;Алымов Алексей Анатольевич;М;35417;1;1
35;Амосова Нина Михайловна;Ж;12843;1;1
36;Ананьева Александра Андреевна;Ж;нет;1;1
37;Анатольев Анатолий Владимирович;М;20588;1;1
38;Андреев Владимир Антонович;М;нет;1;1
39;Андреев Сергей Викторович;М;38185;1;1
40;Анохина Валентина Филипповна;Ж;нет;1;1
41;Антипов Виталий Витальевич;М;нет;1;1
42;Антипова Тамара Ивановна;Ж;нет;1;1
43;Антонов Николай Яковлевич;М;30672;1;1
44;Антонова Лариса Борисовна;Ж;нет;1;1
45;Антонова Лидия Владимировна;Ж;35325;1;1
46;Антонова Любовь Селиверстовна;Ж;5831;1;1
