ProtocolID;PatsientID;Vozrast;OrganizatsiaID;Nomer;ProtocolDate;Anestezia;ProtocolText;Diagnos;OtdelenieID;Adres;Istor;ApparatID;Otdelenie;Anamnez;Biopsia;IssledovanieID;Year;Tsitologia;Gistologia;Lecheb;Sanats;Intybastia;PHMetr;Smiv;State
1968;1534;31;1;4849;22.12.2004 0:00;Нет;"Пищевод проходим, слизистая его гладкая, розового цвета, сосудистый рисунок умеренно выражен. Кардиальный жом смыкается, z-линия сохранена. Складки желудка обычных размеров, эластичны. В просвете желудка небольшое количество слизи. Слизистая желудка ровная, гиперемирована на всём протяжении. Привратник сомкнут, эластичен.  Луковица 12 п. к. рубцово деформирована, по малой кривизне ближе к задней стенке имеется линейный послеязвенный рубец красного цвета до 0,5 см. Слизистая луковицы 12 п. к. розовая с учаськами гиперемии, имеются единичные эрозии до 0,2 см.
";?;1;40 лет Октября 1а-13;81;10;Хирургия;О. панкреатит;НЕТ;1;2004;НЕТ;НЕТ;НЕТ;НЕТ;НЕТ;НЕТ;НЕТ;1
1969;1535;67;1;4850;22.12.2004 0:00;Нет;"Пищевод проходим, слизистая его гладкая, розового цвета, сосудистый рисунок умеренно выражен. Кардиальный жом смыкается, z-линия сохранена. Складки желудка обычных размеров,  эластичны, перистальтика сохранена, в просвете небольшое количество слизи. Слизистая желудка ровная, умеренно гиперемирована на всём протяжении с участками атрофии. Привратник сомкнут, эластичен. Лук.12- п.к. правильной формы, слизистая розового цвета.
";?;1;Рекордная 27-126;82;10;Хирургия;Язвенная болезнь ДПК;НЕТ;1;2004;НЕТ;НЕТ;НЕТ;НЕТ;НЕТ;НЕТ;НЕТ;1
1970;1536;69;1;4851;22.12.2004 0:00;Нет;Пищевод проходим, слизистая на всём протяжении гладкая, розового цвета, сосудистый рисунок умеренно выражен. Кардиальный жом смыкается, z-линия сохранена. Складки желудка обычных размеров, эластичны, перистальтика сохранена. Слизистая желудка неровная, бледно-розового цвета с сероватыми участками. Сосудистый рисунок ослаблен. В препилорическом отделе на передней стенке имеется полиповидное образование до 0,4 см. на широком основании. Привратник сомкнут, эластичен. Лук.12-п.к. правильной формы, слизистая розового цвета.;?;1;Тухачевского 31а-129;39;10;Неврология;Желудочное кровотечение?;НЕТ;1;2004;НЕТ;НЕТ;НЕТ;НЕТ;НЕТ;НЕТ;НЕТ;1
1971;1537;68;1;4852;22.12.2004 0:00;Нет;"Пищевод проходим, слизистая его гладкая, розового цвета, сосудистый рисунок умеренно выражен. Кардиальный жом смыкается, z-линия сохранена. Складки желудка обычных размеров, эластичны, слизистая ровная, розового цвета. Перистальтика сохранена. Привратник сомкнут. Лук. 12-п.к. деформирована, слизистая её гиперемирована, на передней стенке имеется язва 0,8х0,7 см, глубокая, края инфильтрированы, дно покрыто фибрином.

";?;1;Леонова 11а-44;НЕТ;10;Гастроэнтерология;Хронический панкреатит;НЕТ;1;2004;НЕТ;НЕТ;НЕТ;НЕТ;НЕТ;НЕТ;НЕТ;1
1972;1538;84;1;4853;22.12.2004 0:00;Нет;"Пищевод проходим, слизистая на всём протяжении гладкая, розового цвета, сосудистый рисунок умеренно выражен. Кардиальный жом смыкается, z-линия сохранена. Складки желудка обычных размеров, эластичны, перистальтика сохранена. Слизистая желудка неровная, розового цвета с сероватыми участками. Сосудистый рисунок усилен. Привратник сомкнут, эластичен. Лук.12-п.к. правильной формы, слизистая розового цвета.
";?;1;Ленинградский 38-47;88;10;Хирургия;О. холецистит;НЕТ;1;2004;НЕТ;НЕТ;НЕТ;НЕТ;НЕТ;НЕТ;НЕТ;1
1973;1252;49;1;4854;22.12.2004 0:00;Нет;"Пищевод проходим, слизистая его гладкая, в нижней трети гиперемирована, имеются эрозии с наложениями фибрина, сосудистый рисунок умеренно выражен. Кардиальный жом смыкается не плотно, z-линия сохранена. Складки желудка утолщены, эластичны. В просвете желудка умеренное  количество слизи, желчи. Слизистая желудка  
ровная, резко гиперемирована на всём протяжении, в антральном отделе имеются множественные полные эрозии до 0,3 см. Привратник сомкнут, эластичен. В луковице 12- п. к. по малой кривизне ближе к задней стенке имеется язвенный дефект до 0,5 см., дно покрыто фибрином. Слизистая луковицы 12- п. к. отечна, резко гиперемирована на всём протяжении";?;1;40 лет Октября 19а-6;89;10;Гастроэнтерология;Хронический гепатит;НЕТ;1;2004;НЕТ;НЕТ;НЕТ;НЕТ;НЕТ;НЕТ;НЕТ;1
1974;1539;59;1;4855;22.12.2004 0:00;Нет;"Пищевод проходим, в н/3 варикозно расширенные вены в виде извитых тяжей до 0,5 см шириной. Кардиальный жом смыкается. В желудке пища. Складки желудка обычных размеров, эластичны, перистальтика сохранена. Видимая слизистая желудка неровная, с участками гиперемии. В антральном отделе желудка множественные полные эрозии до 0,3 см. Привратник сомкнут, эластичен. Лук.12-п.к. правильной формы, слизистая розового цвета.


";?;1;Леонова 14-36;96;10;Гастроэнтерология;Цирроз печени;НЕТ;1;2004;НЕТ;НЕТ;НЕТ;НЕТ;НЕТ;НЕТ;НЕТ;1
1975;1540;38;1;4856;22.12.2004 0:00;Нет;"Пищевод проходим, слизистая его гладкая, розового цвета, сосудистый рисунок умеренно выражен. Кардиальный жом смыкается, z-линия сохранена. В желудке небольшое количество слизи. Складки желудка обычных размеров, эластичны, перистальтика сохранена. Слизистая 
желудка неровная, с участками гиперемии. Привратник сомкнут, эластичен. Лук.12-п.к. правильной формы, слизистая розового цвета.


";?;1;Бульвар Строителей 26\2-81 ;97;10;Хирургия;О. аппендицит;НЕТ;1;2004;НЕТ;НЕТ;НЕТ;НЕТ;НЕТ;НЕТ;НЕТ;1
1976;1541;35;1;4857;22.12.2004 0:00;Нет;"Пищевод проходим, слизистая его гладкая, розового цвета, сосудистый рисунок умеренно выражен. Кардиальный жом смыкается, z-линия сохранена. Складки желудка обычных размеров, эластичны. В просвете желудка умеренное количество застойного содержимого с примесью желчи. Слизистая желудка и лук.12-п.к. ровная, с участками гиперемии. Привратник сомкнут, эластичен.  
";?;1;Октябрьский 67а-55;104;10;Хирургия;Острый панкреатит;НЕТ;1;2004;НЕТ;НЕТ;НЕТ;НЕТ;НЕТ;НЕТ;НЕТ;1
1977;1542;32;1;4858;22.12.2004 0:00;Нет;"Пищевод проходим, слизистая его гладкая, розового цвета, сосудистый рисунок умеренно выражен. Кардиальный жом смыкается, z-линия сохранена. Складки желудка обычных размеров, эластичны. В просвете желудка и 12-п.к. пища. Видимая слизистая желудка и лук.12-п.к. 
отёчна, гиперемирована. Привратник сомкнут, эластичен.  


";?;1;Предзаводская 1в-40;87;10;Хирургия;Язвенная болезнь желудка;НЕТ;1;2004;НЕТ;НЕТ;НЕТ;НЕТ;НЕТ;НЕТ;НЕТ;1
1978;1543;29;1;4859;22.12.2004 0:00;Нет;"Пищевод проходим, слизистая его гладкая, в нижней трети гиперемирована, сосудистый рисунок умеренно выражен. Кардиальный жом смыкается не плотно, z-линия сохранена. Складки желудка обычных размеров, эластичны. В просвете желудка небольшое количество слизи. Слизистая желудка и лук.12-п.к. ровная, с участками гиперемии. Привратник сомкнут, эластичен.  


";?;1;Инициативная 1-26;НЕТ;10;Гастроэнтерология;Хр. гастрит;НЕТ;1;2004;НЕТ;НЕТ;НЕТ;НЕТ;НЕТ;НЕТ;НЕТ;1
1979;1544;32;1;4860;22.12.2004 0:00;Нет;"Пищевод проходим, слизистая его гладкая, розового цвета, сосудистый рисунок умеренно выражен. Кардиальный жом смыкается, z-линия сохранена. Складки желудка обычных размеров, эластичны. В просвете желудка умеренное количество пищи, слизи. Видимая слизистая желудка 
ровная, с участками гиперемии. Привратник сомкнут, эластичен.  Луковица 12 -п. к. рубцово деформирована, слизистая её гиперемирована на всем протяжении.


";?;1;Терешковой 31-74;НЕТ;10;Гастроэнтерология;Язвенная болезнь ДПК;НЕТ;1;2004;НЕТ;НЕТ;НЕТ;НЕТ;НЕТ;НЕТ;НЕТ;1
1;119;59;1;3512;18.08.2004 0:00;Нет;Пищевод проходим, слизистая его гладкая, розового цвета, сосудистый рисунок умеренно выражен. Кардиальный жом смыкается, z-линия сохранена. В желудке содержимого нет. Складки желудка обычных размеров, эластичны, перистальтика сохранена. Слизистая ровная, розового цвета, сосудистый рисунок умеренно выражен. Привратник сомкнут, эластичен. Слизистая лук.12-п.к. гиперемирована, с множественными эрозиями до 0,2 см.;?;1;Попова 1б-29;4458;4;Гастроэнтерология;Острый аппендицит;НЕТ;1;2004;НЕТ;НЕТ;НЕТ;НЕТ;НЕТ;НЕТ;НЕТ;0
2;119;59;1;143;18.08.2004 0:00;Внутривенный наркоз;Под в/в наркозом в левой нижней точке Калька лапароцентез, пневмоперитонеум. В малом тазу умеренное количество серозного выпота. Печень нормальных размеров, поверхность ровная, коричневого цвета, край острый. Желчный пузырь не увеличен, не напряжён, сероватого цвета, сероза блестящая, сосудистый рисунок умеренно выражен. В правой подвздошной ямке ближе к мезогастрию имеется рыхлый инфильтрат, состоящий из купола слепой кишки, червеобразного отростка, париетальной брюшины, большого сальника.;?;1;Попова 1б-29;4458;5;Хирургия;Аппендикулярный инфильрат;НЕТ;9;2004;НЕТ;НЕТ;НЕТ;НЕТ;НЕТ;НЕТ;НЕТ;0
3;366;62;1;3511;18.08.2004 0:00;Нет;Слизистая 12-п.к. розового цвета, в просвете умеренное количество желчи. БДС расположен типично, обычной величины и формы. Устье представлено одним отверстием, из которого порциями выделяется желчь. Продольная складка не напряжена.;?;1;Ленина 73-106;4463;6;Хирургия;Острый панкреатит;НЕТ;6;2004;НЕТ;НЕТ;НЕТ;НЕТ;НЕТ;НЕТ;НЕТ;0
4;1236;64;1;145;25.08.2004 0:00;р-р Лидокаина 1%-6,0;Под м/а Sol.Lidocaini 1%- 6.0  бронхоскоп введён в просвет трахеи через нос. Надгортанник, голосовые  складки без патологии.Черпаловидные хрящи подвижные. Просвет трахеи свободный.  Карина острая, пульсаторно и дыхательно подвижна.  Просвет бронхиального дерева свободен, доступны осмотру бронхи I-IV порядка. В просвете бронхиального дерева умеренное количество жидкого слизисто-гнойного секрета  жёлтого цвета, распологающегося в устьях сегментарных бронхов, Слизистая трахеи и главных бронхов умеренно диффузно  отёчна, гиперемирована. Произведена санация бронхиального дерева раствором фурацилина.;?;1;Ушакова 3-66;2436;7;Пульмонология;Хронический бронхит;НЕТ;3;2004;НЕТ;НЕТ;ДА;ДА;НЕТ;НЕТ;НЕТ;0
5;925;18;1;3679;25.08.2004 0:00;Нет;Пищевод проходим, слизистая его гладкая, розового цвета, сосудистый рисунок умеренно выражен. Кардиальный жом смыкается, z-линия сохранена. Складки желудка обычных размеров, эластичны. В просвете желудка небольшое количество слизи. Слизистая желудка и лук.12-п.к. ровная, с участками гиперемии. Привратник сомкнут, эластичен.  ;?;1;Рекордная 15-16;4562;4;Гастроэнтерология;Хронический гастродуоденит;НЕТ;1;2004;НЕТ;НЕТ;НЕТ;НЕТ;НЕТ;НЕТ;НЕТ;0
6;701;41;1;3680;25.08.2004 0:00;Нет;Исследование не удалось из-за неадекватного поведения больной.;?;1;Тайгинская 8а-51;4561;4;Хирургия;Острый панкреатит;НЕТ;1;2004;НЕТ;НЕТ;НЕТ;НЕТ;НЕТ;НЕТ;НЕТ;0
7;746;63;1;3709;29.08.2004 0:00;Нет;Пищевод проходим, слизистая его гладкая, розового цвета, сосудистый рисунок умеренно выражен. Кардиальный жом смыкается, z-линия сохранена. В желудке небольшое количество слизи. Складки желудка обычных размеров, эластичны, перистальтика сохранена. Слизистая желудка неровная, с участками гиперемии. В антральном отделе желудка множественные полные эрозии до 0,2 см. Привратник сомкнут, эластичен. Лук.12-п.к. правильной формы, слизистая розового цвета.;?;1;Молодёжный 6а-119;4627;4;Хирургия;Хронический холецистит;НЕТ;1;2004;НЕТ;НЕТ;НЕТ;НЕТ;НЕТ;НЕТ;НЕТ;0
