VrachTypeID;FIO;OrganizatsiaID
2;Волженин В.В.        М/с Чинахова Е.Н.;1
3;Волженин В.В.;1
4;Волженин В.В.        М/с Толстова В.И.;1
5;Волженин В.В.        М/с Долнакова Г.А.;1
6;Постников Д.Г.        М/с Чинахова Е.Н.;1
7;Постников Д.Г.        М/с Толстова В.И.;1
8;Стефаненко А.И.       М/с Толстова В.И.;1
9;Постников Д.Г.        М/с Долнакова Г.А.;1
10;Постников Д.Г.        ;1
11;Стефаненко А.И.       М/с Чинахова Е.Н.;1
12;Подбородников С.Г. М/с Долнакова Г.А.;1
13;Подбородников С.Г. М/с Толстова В.И.;1
14;Подбородников С.Г. М/с Чинахова Е.Н.;1
15;Подбородников С.Г.;1
