ZakluchenieID;ProtocolID;ZakluchenieText;ZakluchenieOrder;IssledovanieID;OrganizatsiaID
2916;1974;Эрозивный гастрит;2;1;1
2917;1975;Поверхностный гастрит;1;1;1
2918;1976;Поверхностный гастродуоденит;1;1;1
2920;1976;Дуодено-гастральный рефлюкс;2;1;1
2921;1977;Поверхностный гастродуоденит;1;1;1
2922;1978;Поверхностный гастродуоденит;1;1;1
2924;1978;Рефлюкс-эзофагит I ст.;2;1;1
2926;1978;Недостаточность кардии;3;1;1
2927;1979;Рубцовая деформация лук12-пк.;1;1;1
2929;1979;Поверхностный гастродуоденит;2;1;1
2930;1980;Патологии в брюшной полости не обнаружено;1;9;1
2931;1981;Поверхностный гастродуоденит;1;1;1
2933;1981;Рефлюкс-эзофагит I ст.;2;1;1
2935;1981;Недостаточность кардии;3;1;1
2936;1982;Осмотр невозможен;1;1;1
2937;1983;Острый аппендицит;1;9;1
2938;559;Дивертикулы поперечноободочной кишки;1;2;1
2940;559;Атрофический колит;2;2;1
2941;596;Подслизистая опухоль толстой кишки;1;2;1
